id,terms
80850909,la metaverse dans la mode
118221093,(none)
136528520,role influenceur
146471012,(not set)
206293823,management de la mode et du luxe 2022
282450191,joonas rokka
335140251,(not provided)
397080000,https://management-datascience.org/articles/10973/
430266433,l’intelligence artificielle en marketing
448111510,capteur performance football
453955339,s
533944405,intégrité scientifique intelligence artificielle générative
567808205,trafic humain internet
686289948,comment optimiser la marketpalce
858047372,management et data science
952565737,role des revues scientifiques
1196819307,ia professeur
1209347731,https://management-datascience.org/articles/23224/
1277642514,intelligence artificielle enseignement
1443438715,le monde de la detection dans le football
1469243387,qu
1481117348,https://management-datascience.org/members/benjamin-zaoui/
1521021222,ia générative et marketing
1616654707,analytics décision produit
1655276639,nomadisme digital
1712147219,quelles stratégies utiliser pour sauver une entreprise en déclin ?
1744474983,wargame leadership management
1793521269,comment les individus perçoivent les chat bot
1908140576,la transformation digitale grande distribution
2092878470,data sciences management utilisateur face aux risques
2153930139,lien entre technologie et marketing dans le luxe
2167914466,profil psychologique du cyberprédateur
2360759717,ia et management des ressources humaines
2414514874,shauna.doak@aiadvancesummit.tech
2553802756,telemedecine relation de soin
2589697391,fournisseur dropshipping
2670023241,https://management-datascience.org/articles/26275/
2697553369,article scientifique sur le management
2824653427,virtuel experience metaverse
2886978980,inconvenients ia pour les enseignants
2953633682,marketing ia entreprise
3153575100,enjeux rh
3299564795,banque et fraudes bancaires
3581679211,clients efficacité agents conversationnels
3707623065,quelles entreprises utilisent l
3710672569,les concurrents de big data
3990936342,vivre ensemble diversité enseignants
4043768098,https://management-datascience.org/articles/20560/
4168086094,marque employeur
4199220945,nft et maison de luxe
4199613152,intelligence artificielle management
4219862699,biais et intelligence artificielle
