id,source_domain
2848705,0630021f.esidoc.fr
5153448,fr.overleaf.com
8234023,soeg.kb.dk
40799518,poe.com
53645681,odin.univ-rouen.fr
55848264,google.sk
60619006,inoreader.com
64324493,gateway.zscloud.net
76196758,chat.openai.com
85157337,catalogue.univ-lehavre.fr
93571227,unisalento.userservices.exlibrisgroup.com
94432587,syndex1.sharepoint.com
96563997,partage.emse.fr
114797022,google.dk
117979483,www-revue--rms-fr.cdn.ampproject.org
118221093,(none)
132903372,eds-p-ebscohost-com.audenciagroup.idm.oclc.org
134811229,psb.madletterz.net
140337537,registro.axioscloud.it
146471012,(not set)
166918637,netvibes.com
169897564,mail.google.com
177116437,onesearch.lancaster-university.uk
181702752,jw6ny4vn7k.search.serialssolutions.com
209466842,eu01.alma.exlibrisgroup.com
209864895,semanticscholar.org
211812553,google.es
217648965,icd-ecoles.com
243285477,google.co.in
290166193,ablesci.com
292936565,campusmatin.com
311430759,interforaifaip.sharepoint.com
313676082,panel.boomer.fr
316014272,bettertogether.orange.com
325404125,hal.science
331782017,developpez.net
356516046,theconversation.com
362029186,sh2hh6qx2e.search.serialssolutions.com
368544283,yandex.kz
378060885,search-fwg.obvsg.at
412087500,google.co.th
422549532,galileo-clayton.primo.exlibrisgroup.com
428278675,lajourn.site
453190669,statics.teams.cdn.office.net
466336260,yandex.eu
472681745,ca.search.yahoo.com
480861194,hbrfrance.fr
488822800,google.ro
508051090,yandex.ru
524524713,journals.openedition.org
526240544,klnpa-wcu.primo.exlibrisgroup.com
544960521,cegep-lanaudiere-assomption-estd.omnivox.ca
555087745,m.nearbyme.io
569738699,management-datascience.local
581868039,facebook.com
589701099,google.cz
595769280,frc-powerpoint.officeapps.live.com
597968313,mibc-fr-06.mailinblack.com
603052402,ecosia.org
609007158,google.gg
629095676,m365.eu.vadesecure.com
636603338,moodle.umons.ac.be
647542462,scholar.google.ca
653144540,scholar.google.co.uk
661318439,google.ht
683082536,google.co.kr
715789255,scholar.google.pt
724857623,bing.com
729449350,learn.psbedu.paris
733349403,prepostseo.com
746068089,lightmailer.gmx.fr
747822889,sso-ciation-saclay.centralesupelec.fr
762976569,resolver-ebscohost-com.ezproxy.unilim.fr
767309431,vlp.limo.libis.be
769674273,rankwizardai.com
784567021,antiphishing.vadesecure.com
794268779,sitescours.monportail.ulaval.ca
798459278,view.genial.ly
802041724,scholar.google.is
826170724,partage.unistra.fr
828362832,sietmanagement.fr
837725247,moodle.univ-lr.fr
844235865,learn.skema.edu
854071344,app.raindrop.io
874920869,library-search.open.ac.uk
875519778,rmitlibraryvn.rmit.edu.vn
899524942,explore.openaire.eu
955139046,scholar.google.be
966291700,programmes.polytechnique.edu
971747249,r.benavent.fr
985416907,challenge-datascience.org
997461109,scholar-google-fr.distant.bu.univ-rennes2.fr
1002514435,google.com.sa
1014976256,google.tn
1037741524,rechercher.bu.univ-rennes2.fr
1047648870,google.it
1073994229,landbot.site
1075868466,google.cg
1078623903,internet-start.net
1088888147,cse.google.com
1097396492,reyanbenallal.com
1109142649,ordrecrha.org
1139705785,refseek.com
1139865828,ceciledejoux.com
1142599571,ressources.aft-dev.com
1151605571,reseau-mirabel.info
1157369999,translate.google.com
1158506026,publications.ut-capitole.fr
1162101458,scholar.google.com.hk
1184541096,mail.yahoo.com
1195492058,fitchburgstate.primo.exlibrisgroup.com
1208187130,deref-gmx.fr
1212286803,pudb-ub.userservices.exlibrisgroup.com
1216682214,rd3fs2pt9j.search.serialssolutions.com
1221084195,shibboleth.univ-evry.fr
1227359243,hesso.swisscovery.slsp.ch
1234260701,google.gr
1236423235,cac-word-edit.officeapps.live.com
1248834992,uspc-spo.primo.exlibrisgroup.com
1252655798,ts.accenture.com
1254586097,ocul-uo.primo.exlibrisgroup.com
1255422478,onesearch.library.northeastern.edu
1261965402,librarysearch.murdoch.edu.au
1270734097,sites.google.com
1281291603,devinci.fr
1286782578,ucll.limo.libis.be
1287810447,instagram.com
1296204525,resana.numerique.gouv.fr
1307470523,idp.shef.ac.uk
1309217954,mail02.orange.fr
1311508959,eds.p.ebscohost.com
1322087702,www-cairn-info.ezproxy.univ-tln.fr
1349376945,google.hu
1351246748,google.fr
1355652723,zonecours2.hec.ca
1360460211,www-cairn-info.ezproxy.ulb.ac.be
1367433877,marylink.io
1368336413,pearltrees.com
1389853602,yandex.com
1391821131,eds-s-ebscohost-com.hub.tbs-education.fr
1400128988,fr.wikipedia.org
1400756699,scholar.google.com
1416783346,pudb-ubm.userservices.exlibrisgroup.com
1421882262,aim.asso.fr
1429523145,scholar.google.fi
1436940169,lilo.org
1440465390,moodle.univ-lyon1.fr
1445903772,typeset.io
1463570017,euc-excel.officeapps.live.com
1484721154,onlinewebsearches.co
1495134863,linkedin.com
1495607021,proquest.com
1499565428,wikidata.org
1508871341,google.com.au
1528528735,google.co.nz
1531746030,francoisbrucker.github.io
1534878653,chc-word-edit.officeapps.live.com
1539010838,arizona-ua.userservices.exlibrisgroup.com
1542397790,flipboard.app
1566154206,beluga.univ-grenoble-alpes.fr
1566881318,sfx-33upon.hosted.exlibrisgroup.com
1572492062,app.devana.ai
1583158998,app.asana.com
1590360703,zh8wk8vq8w.search.serialssolutions.com
1591542876,univ-amu.fr
1593553379,dev.management-datascience.org
1593702690,scholar.google.co.il
1598295578,scholar.google.ch
1605661225,lincoln.primo.exlibrisgroup.com
1608772546,bigdataparis.com
1617321989,youcare.world
1623379337,univ-smb.primo.exlibrisgroup.com
1624445950,eursc-my.sharepoint.com
1634610706,uvsq.focus.universite-paris-saclay.fr
1636846792,he-arc.ch
1647584206,noc-word-edit.officeapps.live.com
1649326906,epi.asso.fr
1650250999,google.nl
1673580494,recherche.ppa.fr
1679280016,t.co
1684963480,digipad.app
1686775422,ulysse.univ-lorraine.fr
1690872369,xueshu.66557.net
1694653638,okrbiftonliberte.substack.com
1706841741,zp2yn2et6f.search.serialssolutions.com
1722892783,maxask.com
1725945939,scholar-google-com.sid2nomade-1.grenet.fr
1729016897,mail.umontpellier.fr
1735425262,l.facebook.com
1743501219,julac-hkpu.primo.exlibrisgroup.com
1747721032,out.reddit.com
1759365085,connectedpapers.com
1759774810,iask.ai
1763702800,discover.gcu.ac.uk
1764803428,google.com.ph
1773830233,cn.bing.com
1782200393,hub.smartleaders.eu
1787744309,utuvolter.fi
1791411198,sfxeu11.hosted.exlibrisgroup.com
1798683997,config.mi
1803204523,authentification.lycees.net
1807893584,mibc-fr-10.mailinblack.com
1810302036,ressources.studi.fr
1813216521,lest.fr
1818724652,google.dz
1853632015,imt-bs.eu
1854522616,scholar.google.com.au
1857348704,scholar.google.de
1865675580,qwant.com
1866152320,llr.primo.exlibrisgroup.com
1871869735,google.com.lb
1881930283,openalex.org
1886098501,ubffm.hds.hebis.de
1892476714,frc-word-edit.officeapps.live.com
1896480519,icd-bs.com
1899914341,editions-ems.fr
1914833543,google.com.hk
1918025314,alcor-institute.com
1923941773,rrc.primo.exlibrisgroup.com
1925302484,katalog.wu.ac.at
1930822938,rebelle.blogspirit.com
1933498823,google.sn
1964236790,crego.u-bourgogne.fr
1975971362,catalogue-bu.u-bourgogne.fr
2021440976,cibleplus.ulb.ac.be
2022288816,bib.univ-lr.fr
2037262537,anu.primo.exlibrisgroup.com
2037592279,scholar.google.at
2041792539,reelit.klarte.com
2082233546,myrhline.com
2095903295,kolibris.univ-antilles.fr
2097866235,recherche.collegelacite.ca
2106749775,onesearch.library.uwa.edu.au
2109577012,owa.management-datascience.org
2114902889,qc.search.yahoo.com
2135755103,liberty.alma.exlibrisgroup.com
2151118983,uk.search.yahoo.com
2156935381,collectif-lesengraineurs.com
2161322356,cairn.info
2170838680,phdtalks.org
2171976746,tr.search.yahoo.com
2180392568,mendeley.com
2185515956,veille-emploi-formation.cariforefoccitanie.fr
2192860808,onesearch.library.wwu.edu
2193421524,univ-tln.primo.exlibrisgroup.com
2196365655,urlz.fr
2205900912,scholar.google.es
2217308843,ocul-qu.primo.exlibrisgroup.com
2225155709,uniroma3.userservices.exlibrisgroup.com
2237376355,search.yahoo.com
2244212610,id.search.yahoo.com
2246972220,avans.primo.exlibrisgroup.com
2255641598,amue.fr
2284775547,mail.univ-lorraine.fr
2303249917,so2.typicalgame.com
2320212375,yellow-search.com
2331027555,3utdf.r.sp1-brevo.net
2340246270,link.ezl.periodicos.capes.gov.br
2353815294,gstatic.com
2354937794,coffreo.biz
2359321611,gl-search.com
2361953939,odebuplus.univ-poitiers.fr
2368076289,com.google.android.googlequicksearchbox
2383791772,overleaf.com
2385946743,com.google.android.gm
2388626903,analyst.onclusive.com
2407553794,semafort.utbm.fr
2411315852,teams.microsoft.com
2421082340,bfeadff.r.af.d.sendibt2.com
2439353839,beta.gisnt.org
2448311720,doaj.org
2448712167,legaltech.uliege.be
2460395023,zendy.io
2460921665,scholar-google-fr.docelec.univ-lyon1.fr
2461604125,portal.issn.org
2463391258,digitalmediaknowledge.com
2463738941,partage.univ-st-etienne.fr
2471380138,euc-word-edit.officeapps.live.com
2473026538,elearning.univ-blida.dz
2473384443,research.ebsco.com
2475189641,mobilesearchers.com
2488081635,a-z.lu
2489603295,univ-amu.summon.serialssolutions.com
2494504066,focus.universite-paris-saclay.fr
2495898802,omd.management-datascience.org
2505173429,l.instagram.com
2508744622,ariane.univ-fcomte.fr
2512668310,lnkd.in
2524144009,url-opener.com
2528843605,google.com.co
2531318604,eq6sp2kj9f-search-serialssolutions-com.ezproxy.lib.torontomu.ca
2532302432,scholar-google-com.ezproxy.univ-orleans.fr
2532438200,smallseotools.com
2537959949,in.search.yahoo.com
2540601099,fr.padlet.com
2545574596,hsg.swisscovery.slsp.ch
2560463927,google.co.uk
2563033461,so.cljtscd.com
2564769171,explore.lib.uliege.be
2575689360,excalibra.com
2577135500,ecogine.org
2618847388,google.ae
2622473327,oceanhero.today
2644238300,web.skype.com
2660996325,feedly.com
2663516195,localhost
2668174793,en.business-science-institute.com
2668507723,clearscope.io
2671329353,google.jo
2672261816,unine.swisscovery.slsp.ch
2675733253,mail.uca.fr
2700450348,google.cm
2700575242,primo.parisnanterre.fr
2709963107,scholar-google-com.elib.openu.ac.il
2715639552,scholar.google.com.co
2718647078,search.brave.com
2720697258,search.lilo.org
2730146540,moodle.centrale-marseille.fr
2730969668,cegep-lanaudiere-assomption.omnivox.ca
2733330478,coursenligne.parisnanterre.fr
2733569153,smex-ctp.trendmicro.com
2737492868,catalogue-bu.uca.fr
2737772662,pagespro.com
2738055555,vem.kentikaas.com
2748938792,univ-paris1.fr
2753337299,upsaclay.focus.universite-paris-saclay.fr
2756881767,ena01.uqam.ca
2760544552,dumas.ccsd.cnrs.fr
2761382173,copilot.microsoft.com
2763831559,reliance-en-complexite.org
2764768841,s.brightspace.com
2771088377,forumfr.com
2775675774,google.pt
2777765952,tv3sr8zk5x.search.serialssolutions.com
2782457036,scoop.it
2801912841,acceder.bu.univ-rennes2.fr
2805094264,mel.insa-toulouse.fr
2811780661,google.ci
2820363013,partage.u-cergy.fr
2829889788,bigdataworld.fr
2837874078,sfu.userservices.exlibrisgroup.com
2838415053,trello.com
2839795207,google.ca
2844282490,lens.google.com
2851713269,bcufr.swisscovery.slsp.ch
2854993137,doc-04-58-apps-viewer.googleusercontent.com
2856796338,compilatio.net
2860428993,julac-hku.primo.exlibrisgroup.com
2875239322,it.search.yahoo.com
2881974264,lesrochdur.com
2893331010,paris-saclay.alma.exlibrisgroup.com
2915047132,r.search.yahoo.com
2918833233,resolver-ebscohost-com.ezpaarse.univ-paris1.fr
2919670898,webmail.unicaen.fr
2923516972,letpub.com.cn
2924930492,rechercher.bibliotheque-diderot.fr
2941033654,duckduckgo.com
2946517280,guichetdusavoir.org
2950373955,scholar.google.li
2980756191,scholar.google.it
3006218580,agorassas.u-paris2.fr
3033226752,tsinghua.alma.exlibrisgroup.com.cn
3055414056,google.pl
3072861434,e-campus.itech.fr
3073524672,scholar.google.com.tw
3073712991,google.be
3109266498,slsp-unige.primo.exlibrisgroup.com
3142708657,expertes.fr
3143162138,ltf.jooble.com
3148331778,omni.laurentian.ca
3148470712,catalogue-bibliotheque.sciencespo.fr
3151658508,scholar.google.lu
3152150244,ld4qw7em5h.search.serialssolutions.com
3156790346,bug-free-yodel-r4gjxvg6vvwwf5qrp.github.dev
3163420489,scholar.google.com.mx
3175081695,qwantjunior.com
3177411695,discovery.biblioteca.uoc.edu
3177748190,scholar-google-com.univ-eiffel.idm.oclc.org
3181654022,montgomerycollege.primo.exlibrisgroup.com
3201241320,ya.ru
3203853055,nelson.northampton.ac.uk
3207892108,nccci.sharepoint.com
3231769098,profile.indeed.com
3233294790,webmail.partage.renater.fr
3259465494,nps.primo.exlibrisgroup.com
3290030543,editpad.org
3297572044,univ-catholille.fr
3329717251,management--datascience-org.translate.goog
3344480079,scholar.google.com.tr
3344500883,wwwproquest.upc.elogim.com
3360137932,partage.ird.fr
3365279063,wikienseignement.uqam.ca
3365507747,obea.fr
3368191839,l.messenger.com
3370814965,uqam.ca
3374182342,padlet.com
3388122270,lejournaldelafrique.com
3390755592,app.compilatio.net
3394715723,edgeservices.bing.com
3395272430,bsky.app
3399964102,down.sciokk.cn
3414869983,scholar.google.com.my
3416712634,athena.u-pec.fr
3430286017,presearch.com
3435048808,scinapse.io
3437055642,scholar.google.lt
3459922145,google.com.eg
3470374467,euc-powerpoint.officeapps.live.com
3500109475,google.ch
3513271199,lesnouveauxformateurs.com
3528162702,z.imt.fr
3529295601,com.linkedin.android
3541188170,onesearch.unifi.it
3543507662,github.com
3576367925,moodle.unistra.fr
3584652277,solo.bodleian.ox.ac.uk
3590150798,slsp.ch
3590963671,google.com.vn
3591946644,organic-search
3592698415,arche.univ-lorraine.fr
3602837305,frontiersin.org
3611727547,fr.linkedin.com
3618613981,udl.primo.exlibrisgroup.com
3622531747,mail01.orange.fr
3627478973,yourtext.guru
3639828644,sfsic.org
3643351688,google.cd
3647068886,login.research4life.org
3651789828,partage.univ-pau.fr
3685839424,meissonier.fr
3686793880,scholar.google.com.br
3688217436,cac-excel.officeapps.live.com
3697926795,webextract.profound.net
3718228008,lms.fun-mooc.fr
3728100475,bfeadff.r.bh.d.sendibt3.com
3730389196,eq6sp2kj9f.search.serialssolutions.com
3735248572,google.mg
3746628389,scholar.google.fr
3751957317,google.co.jp
3757854992,libgen.li
3762299242,google.ru
3766748817,univ-toulouse.userservices.exlibrisgroup.com
3768465587,zotero.org
3776827336,digimind-evolution.com
3780053395,google.com
3781131944,rc3cy2mq5p.search.serialssolutions.com
3782182105,google.de
3782183298,scholar.google.com.vn
3798565527,searchportal.learning-center.hec.edu
3808002874,bu.dauphine.psl.eu
3809507961,swisscovery.slsp.ch
3820968287,renouvaud1.primo.exlibrisgroup.com
3828323836,ch.search.yahoo.com
3828974367,fmm.expertes.fr
3858158351,soniabressler.com
3860613514,canva.com
3867378129,fr.search.yahoo.com
3876643513,search.library.smu.edu.sg
3882357484,perplexity.ai
3934223019,web-mail.laposte.net
3936374009,management-datascience.org
3945627895,univ-orleans.hal.science
3950516246,gslg-lnu.primo.exlibrisgroup.com
3954135227,partage.univ-ubs.fr
3965087625,panel.ai-writer.com
3974887037,blogues.csaffluents.qc.ca
3983326409,ametice.univ-amu.fr
3985093710,scholar.google.nl
3998602491,google.co.id
4022268309,baidu.com
4029111321,scholar.lanfanshu.cn
4030304990,google.com.pk
4030660378,google.com.tr
4037368424,linktr.ee
4038317143,cergam.univ-amu.fr
4041652215,classroom.google.com
4054503088,shs.hal.science
4057681359,gptgo.ai
4072382523,webgaia.excelia-group.com
4076005281,catalogue.scdi-montpellier.fr
4077700087,researchgate.net
4078581784,docs.google.com
4099412609,na01.primo.exlibrisgroup.com
4107055450,umon.ent.sirsidynix.net
4129644612,lnk.smart-way-b2.tech
4130842999,flipboard.com
4134499709,wk6sd9xc7e.search.serialssolutions.com
4135794867,primo.csu.edu.au
4145438543,you.com
4151199550,uppa.primo.exlibrisgroup.com
4162764477,search.lib.asu.edu
4181847481,xs.cljtscd.com
4183584948,scholar.google.com.eg
4199802224,google.co.ma
4201733851,foad.univ-rennes.fr
4202667416,m.facebook.com
4216685901,google.no
4225502143,lm.facebook.com
4229594009,librarysearch.algonquincollege.com
4243361674,google.com.my
4253485722,ukc-word-edit.officeapps.live.com
4278694944,startpage.com
4282236498,scholar-google-com.sid2nomade-2.grenet.fr
4288388655,learn.kedgebs.com
4290023712,sfxhosted.exlibrisgroup.com
4291846630,google.co.za
